{"cameraMode":{"drawMode":0,"name":"Shaded","section":"Shading Mode"},"sceneLighting":true,"audioPlay":false,"sceneViewState":{"showFog":true,"showMaterialUpdate":false,"showSkybox":true,"showFlares":true,"showImageEffects":true,"showParticleSystems":true},"in2DMode":false,"pivot":{"x":-2.177812099456787,"y":-0.9317111968994141,"z":-6.846254348754883},"rotation":{"x":-0.06859415769577027,"y":0.9137120246887207,"z":-0.17365044355392457,"w":-0.36092811822891238},"size":6.999998092651367,"orthographic":false}